"model","mad","bias","dss","crps","ae_median","se_mean"
"Wastewater",6.486375,0.479964285714286,5.27376044359694,4.7414425,6.64285714285714,66.9268108214286
"No wastewater",6.380475,0.482214285714286,5.29923776494925,4.7711065625,6.71428571428571,67.5422270803571
