"model","mad","bias","dss","crps","ae_median","se_mean"
"Wastewater",9.027975,-0.0334107142857143,4.99942375958766,3.95102573214286,5.64285714285714,46.4341707857143
"No wastewater",9.0015,-0.145339285714286,5.04796866463078,4.04565953571429,5.53571428571429,47.3087994107143
