"model","mad","bias","dss","crps","ae_median","se_mean"
"Wastewater",7.651275,0.206892857142857,5.18773653503707,4.63386760714286,6.73214285714286,69.342642875
"No wastewater",7.492425,0.178142857142857,5.12918708795845,4.5306483125,6.55357142857143,66.1988339553571
