"model","mad","bias","dss","crps","ae_median","se_mean"
"Wastewater",7.968975,0.146857142857143,5.09847211546947,4.48266467857143,6.78571428571429,60.6693806964286
"No wastewater",7.968975,0.115767857142857,5.06678812493822,4.40199664285714,6.48214285714286,58.1961865357143
