"model","mad","bias","dss","crps","ae_median","se_mean"
"Wastewater",9.2133,0.112089285714286,4.92909136627917,3.64793685714286,5.17857142857143,37.564606375
"No wastewater",9.133875,0.120857142857143,4.92645276182851,3.66917578571429,5.30357142857143,38.3948488035714
