"model","mad","bias","dss","crps","ae_median","se_mean"
"Wastewater",7.3071,0.321732142857143,5.06273850934688,4.32069479464286,5.92857142857143,60.7570223303571
"No wastewater",7.413,0.32175,5.07124791867221,4.32293350892857,5.96428571428571,60.8486937232143
