"model","mad","bias","dss","crps","ae_median","se_mean"
"Wastewater",6.51285,0.567089285714286,5.77664451375249,5.5152135625,7.25,88.9787682589286
"No wastewater",6.4599,0.537392857142857,5.62370864847004,5.265921375,7.17857142857143,83.2691171428571
