"model","mad","bias","dss","crps","ae_median","se_mean"
"Wastewater",6.08925,0.471464285714286,4.88883982979546,4.02162545535714,5.96428571428571,48.4600975982143
"No wastewater",6.08925,0.472303571428571,4.89654999791443,4.03059934821429,5.85714285714286,48.8836727946429
