"model","mad","bias","dss","crps","ae_median","se_mean"
"Wastewater",4.8714,0.277392857142857,4.42505826760829,3.12653578571429,4.39285714285714,30.5138121785714
"No wastewater",4.9773,0.273785714285714,4.40354160190963,3.08447999107143,4.17857142857143,30.0267418660714
