"model","mad","bias","dss","crps","ae_median","se_mean"
"Wastewater",7.36005,0.538178571428571,5.14003982116313,4.49018869642857,6.64285714285714,62.6089033392857
"No wastewater",7.413,0.505107142857143,5.04585827655337,4.28147382142857,6.21428571428571,57.55656425
