"model","mad","bias","dss","crps","ae_median","se_mean"
"Wastewater",6.2481,0.145696428571429,4.54117082203058,3.32797941071429,5,33.6959055178571
"No wastewater",6.354,0.254267857142857,4.69514535367887,3.62721389285714,5.375,40.3347485892857
