"model","mad","bias","dss","crps","ae_median","se_mean"
"Wastewater",6.539325,0.471107142857143,5.33643499401654,4.8063628125,6.64285714285714,70.9924396339286
"No wastewater",6.51285,0.43275,5.22314016772289,4.58688575,6.25,65.8405551785714
