"model","mad","bias","dss","crps","ae_median","se_mean"
"Wastewater",7.7307,0.0544821428571429,4.9931134548576,4.23693440178571,5.89285714285714,58.0481020267857
"No wastewater",7.8366,0.0787857142857143,5.01556021407873,4.27623969642857,5.96428571428571,59.0649449107143
