"model","mad","bias","dss","crps","ae_median","se_mean"
"Wastewater",7.757175,-0.0866964285714286,4.90887954392092,4.02079858928571,5.64285714285714,47.7896963928571
"No wastewater",7.8366,-0.0877142857142857,4.92367876208171,4.04209175,5.60714285714286,48.1922820714286
