"model","mad","bias","dss","crps","ae_median","se_mean"
"Wastewater",5.9304,0.238982142857143,4.61931806692515,3.45584465178571,5.14285714285714,36.3894758125
"No wastewater",5.745075,0.277357142857143,4.63853736489032,3.52642254464286,5.375,37.9443144017857
