"model","mad","bias","dss","crps","ae_median","se_mean"
"Wastewater",10.9077,0.515517857142857,5.88300578483354,6.55658771428571,9.57142857142857,135.5637095
"No wastewater",10.828275,0.445196428571429,5.70281432374537,5.89337923214286,8.33928571428571,111.560160410714
