"model","mad","bias","dss","crps","ae_median","se_mean"
"Wastewater",7.413,0.199392857142857,5.14730792997277,4.56316222321429,6.60714285714286,66.8213977410714
"No wastewater",7.413,0.210392857142857,5.17502093618226,4.61575558035714,6.78571428571429,68.9475089910714
