"model","mad","bias","dss","crps","ae_median","se_mean"
"Wastewater",7.598325,0.160375,5.09544872034565,4.46004853571429,6.44642857142857,64.4891762142857
"No wastewater",7.5189,0.189875,5.14163162687647,4.56494435714286,6.60714285714286,67.528130875
