"model","mad","bias","dss","crps","ae_median","se_mean"
"Wastewater",6.5658,0.501392857142857,5.35938663229778,4.70842664285714,6.35714285714286,70.410170125
"No wastewater",6.486375,0.499946428571429,5.34363515353093,4.69455809821429,6.23214285714286,70.5424119553571
