"model","mad","bias","dss","crps","ae_median","se_mean"
"Wastewater",9.981075,0.328285714285714,5.31868388788726,4.63364967857143,6.73214285714286,65.516935375
"No wastewater",10.11345,0.300875,5.28975725646882,4.53462621428571,6.60714285714286,61.8750839821429
