"model","mad","bias","dss","crps","ae_median","se_mean"
"no_cor",7.57185,0.188267857142857,5.14410447322548,4.51409729464286,6.53571428571429,66.2505309732143
"exp",7.67775,0.130321428571429,5.05230514806829,4.35381538392857,6.21428571428571,61.6100705446429
"lkj",7.7307,0.112142857142857,5.02571184648548,4.30111560714286,6.10714285714286,59.3914938214286
