"model","mad","bias","dss","crps","ae_median","se_mean"
"no_cor",7.3071,0.574714285714286,5.32671558226044,4.89115842857143,7.08928571428571,72.5177199642857
"exp",7.36005,0.566464285714286,5.28913389814602,4.792525625,7.03571428571429,70.3063351785714
"lkj",7.57185,0.596589285714286,5.42343883510226,5.19584108928571,7.53571428571429,83.4186993214286
