"model","mad","bias","dss","crps","ae_median","se_mean"
"no_cor",8.657325,0.114785714285714,4.8210481999747,3.52508288392857,5,35.9606484017857
"exp",8.7897,0.113321428571429,4.90895681215883,3.61190211607143,5.14285714285714,37.3575399196429
"lkj",9.292725,0.0586964285714286,4.90262214284088,3.58029583035714,4.98214285714286,34.4173056339286
