"model","mad","bias","dss","crps","ae_median","se_mean"
"no_cor",6.0363,0.568428571428571,5.32977958778175,4.8071803125,6.75,66.5794214732143
"exp",6.30105,0.425410714285714,4.81529727574267,3.91285890178571,5.71428571428571,47.2597149553571
"lkj",6.274575,0.520339285714286,5.14628249533294,4.47284814285714,6.55357142857143,59.0774721428571
