"model","mad","bias","dss","crps","ae_median","se_mean"
"no_cor",5.4009,0.607785714285714,5.75216722970121,5.17686772321429,7.14285714285714,72.3829660267857
"exp",5.7186,0.548232142857143,5.34759589105852,4.67498310714286,6.60714285714286,63.2834770178571
"lkj",5.6127,0.630785714285714,5.83879859117168,5.35874786607143,7.42857142857143,76.8001631160714
