"model","mad","bias","dss","crps","ae_median","se_mean"
"no_cor",5.4009,0.627696428571429,5.82377454768983,5.32060226785714,7.28571428571429,76.9378837678571
"exp",5.5068,0.498696428571429,5.06243736731972,4.2935305,5.96428571428571,56.3027111964286
"lkj",5.215575,0.542553571428571,5.40684304494037,4.63030433035714,6.41071428571429,61.7551734732143
