"model","mad","bias","dss","crps","ae_median","se_mean"
"no_cor",7.492425,0.523517857142857,5.67220350951383,5.62047371428571,7.98214285714286,96.9696882857143
"exp",7.57185,0.47875,5.49162228506127,5.21798832142857,7.64285714285714,86.0087340178572
"lkj",7.46595,0.518535714285714,5.65012986183035,5.58383053571429,8,96.1547674285714
