"model","mad","bias","dss","crps","ae_median","se_mean"
"no_cor",7.99545,0.0514285714285714,5.04708417286131,4.34619579464286,6.28571428571429,56.0902347767857
"exp",8.20725,0.022875,5.04305032158714,4.29320725,6.17857142857143,54.0701233392857
"lkj",8.94855,0.0325,5.19281770502197,4.40814851785714,6.46428571428571,56.7248760357143
