"model","mad","bias","dss","crps","ae_median","se_mean"
"no_cor",6.8835,0.603875,5.95880782515551,5.90463405357143,7.75,101.097331375
"exp",6.93645,0.564410714285714,5.77272900902448,5.59396586607143,7.57142857142857,93.4590163303571
"lkj",6.8835,0.587178571428571,5.86205816160351,5.80980861607143,7.67857142857143,99.6329001517857
