"model","mad","bias","dss","crps","ae_median","se_mean"
"no_cor",8.20725,-0.0382678571428571,4.89837568902008,3.82281632142857,5.5,43.9704518392857
"exp",8.392575,-0.0697321428571429,4.9023115351851,3.79413579464286,5.19642857142857,42.4236749375
"lkj",7.9425,-0.177982142857143,4.98599797813749,3.93844692857143,5.46428571428571,45.4881731607143
