"model","mad","bias","dss","crps","ae_median","se_mean"
"Wastewater",6.751125,0.432732142857143,5.16274474443734,4.3887904375,5.94642857142857,61.9592922946429
"No wastewater",6.698175,0.498107142857143,5.37364317937892,4.78580100892857,6.57142857142857,72.2554615982143
