"model","mad","bias","dss","crps","ae_median","se_mean"
"Wastewater",6.354,0.503482142857143,5.05815493514618,4.27046136607143,6.08928571428571,54.6556941875
"No wastewater",6.30105,0.505696428571429,5.07701008812223,4.33269677678571,6.35714285714286,56.4825367232143
