"model","mad","bias","dss","crps","ae_median","se_mean"
"Wastewater",6.51285,0.496196428571429,5.44207309681904,4.94981782142857,6.67857142857143,74.6977949285714
"No wastewater",6.51285,0.538660714285714,5.63760715770445,5.28757997321429,7.25,83.5326556696428
