"model","mad","bias","dss","crps","ae_median","se_mean"
"Wastewater",7.413,0.325625,5.43753057732223,5.09420467857143,7.42857142857143,81.3835730714286
"No wastewater",7.5189,0.334446428571429,5.41888319499046,5.11484699107143,7.46428571428571,82.7152759196429
