"model","mad","bias","dss","crps","ae_median","se_mean"
"Wastewater",7.413,0.0943392857142857,5.04024521567626,4.31940151785714,6.14285714285714,59.8158455178571
"No wastewater",7.57185,0.119107142857143,5.05442436427361,4.35873783928571,6.21428571428571,61.4154907678571
