"model","mad","bias","dss","crps","ae_median","se_mean"
"Wastewater",7.46595,0.159392857142857,5.17384218288528,4.5568509375,6.67857142857143,65.7967578303572
"No wastewater",7.25415,0.178410714285714,5.16492183317659,4.54896283928571,6.60714285714286,66.1630883571429
