"model","mad","bias","dss","crps","ae_median","se_mean"
"Wastewater",9.2133,0.225017857142857,5.03836868452646,4.02714941071429,5.57142857142857,51.9617403214286
"No wastewater",9.26625,0.197142857142857,4.99329352699397,3.92447983928571,5.57142857142857,48.9161268035714
