"model","mad","bias","dss","crps","ae_median","se_mean"
"Wastewater",8.73675,-0.145357142857143,4.97851672287726,3.88217933928571,5.25,43.2497187142857
"No wastewater",8.816175,-0.182535714285714,4.99916487968985,3.90500861607143,5.17857142857143,43.7788929196428
