"model","mad","bias","dss","crps","ae_median","se_mean"
"Wastewater",10.0605,0.328196428571429,5.31676798880827,4.67926294642857,6.64285714285714,68.1477961071429
"No wastewater",10.086975,0.302607142857143,5.28152566566222,4.52124014285714,6.48214285714286,62.983028375
