"model","mad","bias","dss","crps","ae_median","se_mean"
"Wastewater",5.98335,0.427928571428571,4.77758343850638,3.78954085714286,5.64285714285714,43.2176534464286
"No wastewater",6.30105,0.471892857142857,4.89783388642793,4.02879499107143,5.96428571428571,49.2736920089286
