"model","mad","bias","dss","crps","ae_median","se_mean"
"Wastewater",6.539325,0.469803571428571,5.3581173366953,4.82710161607143,6.66071428571429,71.3885257767857
"No wastewater",6.5658,0.444339285714286,5.23777075600791,4.61894184821429,6.42857142857143,66.1839356339286
