"model","mad","bias","dss","crps","ae_median","se_mean"
"Wastewater",6.5658,0.538321428571429,5.67888686127246,5.31784336607143,7.28571428571429,84.7222213660714
"No wastewater",6.592275,0.535785714285714,5.62741872616011,5.28175520535714,7.23214285714286,83.8048228482143
