"model","mad","bias","dss","crps","ae_median","se_mean"
"Wastewater",5.692125,0.114196428571429,4.48112326701678,3.14533257142857,4.60714285714286,31.4757385892857
"No wastewater",5.7186,0.205267857142857,4.54543610944784,3.30931415178571,4.89285714285714,34.5381243482143
