"model","mad","bias","dss","crps","ae_median","se_mean"
"Wastewater",5.5068,0.462732142857143,5.0249601728127,4.15711157142857,6.10714285714286,50.2667642321429
"No wastewater",5.798025,0.518857142857143,5.25694867538726,4.55020629464286,6.57142857142857,58.8331489910714
