"model","mad","bias","dss","crps","ae_median","se_mean"
"Wastewater",5.5068,0.612732142857143,5.34665749691526,4.65306045535714,6.78571428571429,60.6589797589286
"No wastewater",5.77155,0.671892857142857,5.67181607629648,5.2381365,7.42857142857143,73.6718473392857
