"model","mad","bias","dss","crps","ae_median","se_mean"
"Wastewater",9.0015,0.00849999999999998,4.87386637748826,3.53931260714286,5.03571428571429,34.6363471964286
"No wastewater",9.345675,0.101821428571429,4.937477746603,3.67242307142857,5.21428571428571,38.119899125
