"model","mad","bias","dss","crps","ae_median","se_mean"
"Wastewater",6.1422,0.321642857142857,4.75620706337863,3.6966581875,5.42857142857143,41.3770424375
"No wastewater",6.1422,0.291107142857143,4.66228433193104,3.526952625,5.21428571428571,38.180976875
