"model","mad","bias","dss","crps","ae_median","se_mean"
"Wastewater",8.816175,0.0421785714285714,4.95955905532963,3.78992121428571,5.33928571428571,43.3676100714286
"No wastewater",8.94855,0.027375,4.98305703015521,3.84010814285714,5.35714285714286,44.3680777321429
