"model","mad","bias","dss","crps","ae_median","se_mean"
"Wastewater",6.221625,0.411339285714286,4.99035985584871,4.18258657142857,6.14285714285714,53.3061502321429
"No wastewater",6.08925,0.409017857142857,4.96757317011191,4.12225860714286,6,51.6434795892857
