"model","mad","bias","dss","crps","ae_median","se_mean"
"Wastewater",6.9894,0.331625,4.8367745452541,3.76496401785714,5.17857142857143,47.2748077321429
"No wastewater",6.909975,0.356214285714286,4.8665280880164,3.80817058928571,5.125,48.3947615
