"","model","mad","bias","dss","crps","ae_median","se_mean"
"1","Wastewater",7.13848734375,0.283646428571429,5.00235927653346,4.14136419469866,5.91339285714286,54.001903546596
"2","No wastewater",7.1730703125,0.281146875,5.01039504613068,4.15299442092634,5.91227678571429,54.107377099721
