"model","mad","bias","dss","crps","ae_median","se_mean"
"Wastewater",4.6596,0.169589285714286,4.30167332634037,2.90645144642857,4.03571428571429,26.5166980714286
"No wastewater",4.527225,0.0526428571428571,4.22309711695573,2.80258208035714,3.83928571428571,24.1821270982143
