"model","mad","bias","dss","crps","ae_median","se_mean"
"Wastewater",5.7186,0.225589285714286,4.62031043897597,3.41693511607143,5.03571428571429,36.3604953303571
"No wastewater",5.6127,0.213375,4.57690499805078,3.35506772321429,4.875,34.9262410803571
