"model","mad","bias","dss","crps","ae_median","se_mean"
"Wastewater",5.98335,0.285196428571429,4.67042014471705,3.57013410714286,5.35714285714286,39.1062478392857
"No wastewater",5.8245,0.282160714285714,4.65436673656736,3.53865102678571,5.25,38.3791106875
