"model","mad","bias","dss","crps","ae_median","se_mean"
"Wastewater",5.98335,0.216464285714286,4.60737122215125,3.45844008035714,5.14285714285714,36.9708121875
"No wastewater",5.87745,0.247339285714286,4.65679109699507,3.56105499107143,5.39285714285714,39.1473372053571
