"model","mad","bias","dss","crps","ae_median","se_mean"
"Wastewater",6.5658,0.451357142857143,5.16423223004906,4.37976198214286,6.07142857142857,62.9400547321429
"No wastewater",6.83055,0.500928571428571,5.34399235386859,4.69455071428571,6.32142857142857,70.2233845892857
