"model","mad","bias","dss","crps","ae_median","se_mean"
"Wastewater",9.1074,0.0720892857142857,4.99303869927624,3.92327735714286,5.42857142857143,46.8994905714286
"No wastewater",8.94855,0.0515892857142857,4.99496593393529,3.8965345,5.42857142857143,45.809894375
