"model","mad","bias","dss","crps","ae_median","se_mean"
"Wastewater",4.50075,-0.00937500000000001,4.37034774870073,3.04384677678571,4.44642857142857,27.4359685267857
"No wastewater",4.50075,-0.158571428571429,4.45991341181207,3.13547467857143,4.39285714285714,28.4390986071429
