"model","mad","bias","dss","crps","ae_median","se_mean"
"Wastewater",8.41905,0.192017857142857,5.05738367676108,4.28200975892857,6.17857142857143,56.6625818482143
"No wastewater",8.31315,0.208142857142857,5.05741556512606,4.27659964285714,6.17857142857143,57.1598805
