"model","mad","bias","dss","crps","ae_median","se_mean"
"Wastewater",9.05445,-0.1165,5.05293449312654,4.02520426785714,5.60714285714286,46.5112408214286
"No wastewater",9.0015,-0.117714285714286,5.03819864571768,4.02652175892857,5.57142857142857,46.9678252946429
