"model","mad","bias","dss","crps","ae_median","se_mean"
"Wastewater",5.13615,0.337839285714286,4.53756921563261,3.3106535,4.53571428571429,34.1254120178571
"No wastewater",5.03025,0.270375,4.41467131036252,3.10879514285714,4.25,30.1447753392857
