"model","mad","bias","dss","crps","ae_median","se_mean"
"no_cor",5.34795,0.477107142857143,4.96697680702819,3.97486923214286,5.28571428571429,47.3156505357143
"no_spatial",5.4009,0.468571428571429,4.95970562755756,3.9470455,5.25,46.621239
"exp",5.55975,0.443946428571429,4.80468989556202,3.75033605357143,5.14285714285714,43.779292125
"lkj",5.295,0.493017857142857,5.01845739099261,4.03040524107143,5.39285714285714,48.5698525982143
