"model","mad","bias","dss","crps","ae_median","se_mean"
"Wastewater",9.531,-0.0197321428571429,4.93291414414996,3.66005423214286,5.17857142857143,35.3906089464286
"No wastewater",9.398625,-0.0409821428571428,4.92809593490456,3.68728396428571,5.14285714285714,35.912090125
