"model","mad","bias","dss","crps","ae_median","se_mean"
"Wastewater",5.9304,0.219285714285714,4.61399250470819,3.46034084821429,5.14285714285714,37.2023669017857
"No wastewater",5.903925,0.229678571428571,4.62019285673724,3.483088625,5.17857142857143,37.3987312857143
