"model","mad","bias","dss","crps","ae_median","se_mean"
"Wastewater",7.3071,0.353446428571429,5.12589830062206,4.42764121428571,6.39285714285714,62.8887785357143
"No wastewater",7.5189,0.297946428571429,5.01342393472167,4.18896578571429,6,56.9816377678572
