"model","mad","bias","dss","crps","ae_median","se_mean"
"Wastewater",7.14825,0.427803571428571,4.97191994358211,3.983348125,5.53571428571429,53.900891375
"No wastewater",7.25415,0.416,4.93031941129544,3.92191710714286,5.46428571428571,52.9682355714286
