"model","mad","bias","dss","crps","ae_median","se_mean"
"Wastewater",6.0363,0.427625,4.95209745180257,4.0759410625,5.96428571428571,50.9194302053571
"No wastewater",6.0363,0.435982142857143,4.97427096605777,4.12219797321429,6,52.3832217410714
