"model","mad","bias","dss","crps","ae_median","se_mean"
"Wastewater",5.98335,0.317107142857143,4.79616699802132,3.80829873214286,5.57142857142857,44.1192281607143
"No wastewater",5.98335,0.329375,4.80561732425674,3.86719697321429,5.78571428571429,45.3801812232143
