"model","mad","bias","dss","crps","ae_median","se_mean"
"Wastewater",8.869125,-0.0376071428571429,4.96909295110122,3.80559816964286,5.32142857142857,42.5537889732143
"No wastewater",8.922075,-0.0602321428571428,4.98764566208097,3.83641553571429,5.19642857142857,43.6423150178571
