"model","mad","bias","dss","crps","ae_median","se_mean"
"Wastewater",5.55975,0.220607142857143,4.56377006267115,3.35467042857143,4.89285714285714,35.3667455892857
"No wastewater",5.692125,0.285785714285714,4.67185163384323,3.55772121428571,5.08928571428571,39.2614539821429
