"model","mad","bias","dss","crps","ae_median","se_mean"
"Wastewater",6.433425,0.547392857142857,5.68584104446464,5.33081883928571,7.32142857142857,84.4865475
"No wastewater",6.592275,0.535785714285714,5.62741872616011,5.28175520535714,7.23214285714286,83.8048228482143
