"model","mad","bias","dss","crps","ae_median","se_mean"
"Wastewater",9.080925,-0.0477321428571429,4.89061071633605,3.57881725892857,5,35.7650687410714
"No wastewater",9.0015,-0.118803571428571,4.9428036122747,3.69839271428571,5.07142857142857,37.920548
