"model","mad","bias","dss","crps","ae_median","se_mean"
"Wastewater",6.221625,0.546232142857143,5.1580307492115,4.47748866071429,6.44642857142857,59.3282770535714
"No wastewater",6.30105,0.55875,5.23543939210106,4.62545446428571,6.64285714285714,62.4644878214286
