"model","mad","bias","dss","crps","ae_median","se_mean"
"Wastewater",8.94855,0.10325,4.90354033924653,3.6321945625,5.07142857142857,37.7985365267857
"No wastewater",9.16035,0.0146071428571429,4.9158103855133,3.59704115178571,5,35.3537311696429
