"model","mad","bias","dss","crps","ae_median","se_mean"
"Wastewater",7.25415,0.275392857142857,4.98190521577017,4.09888009821429,5.71428571428571,54.6737505982143
"No wastewater",7.333575,0.302803571428571,5.02751315527047,4.2438865,6.03571428571429,58.1811376071429
