"model","mad","bias","dss","crps","ae_median","se_mean"
"Wastewater",7.3071,0.114767857142857,5.06350155419035,4.34758299107143,6,60.0064394910714
"No wastewater",7.5189,0.180553571428571,5.11022552371103,4.44284891071429,6.28571428571429,63.7362987857143
