"model","mad","bias","dss","crps","ae_median","se_mean"
"Wastewater",7.04235,0.472196428571429,4.86162492942187,3.87518483035714,5.67857142857143,47.9611045089286
"No wastewater",7.2012,0.536553571428571,5.07646653955706,4.344857125,6.32142857142857,58.8243391607143
