"model","mad","bias","dss","crps","ae_median","se_mean"
"Wastewater",6.168675,0.0676607142857143,4.51414313157536,3.25282801785714,4.76785714285714,31.2537285
"No wastewater",6.08925,0.107196428571429,4.54628455804477,3.29977761607143,4.85714285714286,32.5790330982143
