"model","mad","bias","dss","crps","ae_median","se_mean"
"Wastewater",8.94855,-0.0960714285714286,5.00882022660387,3.97559780357143,5.46428571428571,45.8527295714286
"No wastewater",8.816175,-0.137821428571429,5.03136379783884,4.00751311607143,5.5,46.9107847589286
