"model","mad","bias","dss","crps","ae_median","se_mean"
"Wastewater",5.6127,0.298232142857143,4.72935320926373,3.63595741071429,5.39285714285714,40.2034949107143
"No wastewater",5.8245,0.360392857142857,4.87584857584388,3.93309424107143,5.82142857142857,45.7907251875
