"model","mad","bias","dss","crps","ae_median","se_mean"
"Wastewater",10.43115,0.542214285714286,5.87312943077902,6.41543573214286,9.21428571428571,126.495677482143
"No wastewater",10.32525,0.434839285714286,5.57864648583253,5.43031169642857,7.57142857142857,92.7939168392857
