"model","mad","bias","dss","crps","ae_median","se_mean"
"Wastewater",7.0953,0.396732142857143,4.77292665720161,3.70465028571429,5.39285714285714,43.6243511785714
"No wastewater",7.14825,0.470642857142857,4.98050949671948,4.13267089285714,6.03571428571429,53.6575822321429
