"model","mad","bias","dss","crps","ae_median","se_mean"
"Wastewater",6.354,0.368303571428571,4.91741376279584,4.04319300892857,5.85714285714286,49.4406619017857
"No wastewater",6.354,0.312071428571429,4.78344539314813,3.80769504464286,5.78571428571429,44.1292405982143
