"model","mad","bias","dss","crps","ae_median","se_mean"
"Wastewater",5.7186,0.495125,5.15429451329518,4.39557208035714,6.28571428571429,55.5343820267857
"No wastewater",5.850975,0.519285714285714,5.27004016207801,4.57783739285714,6.625,59.4431349821429
