"model","mad","bias","dss","crps","ae_median","se_mean"
"Wastewater",6.592275,0.494607142857143,5.3446196700632,4.71474271428571,6.41071428571429,69.8825996607143
"No wastewater",6.8835,0.498821428571429,5.38286085797836,4.78857869642857,6.53571428571429,72.2953710178571
