"model","mad","bias","dss","crps","ae_median","se_mean"
"Wastewater",5.6127,0.393035714285714,5.01851407738915,4.16060725,6.03571428571429,51.2065185714286
"No wastewater",5.77155,0.406803571428571,5.06264377490623,4.26294916071429,6.28571428571429,53.6332606964286
