"model","mad","bias","dss","crps","ae_median","se_mean"
"Wastewater",8.41905,0.214678571428571,5.06652006977496,4.30564340178571,6.21428571428571,58.1797511339286
"No wastewater",8.3661,0.2105,5.05403833199389,4.27724527678571,6.17857142857143,57.5423551517857
