"model","mad","bias","dss","crps","ae_median","se_mean"
"Wastewater",8.41905,0.289982142857143,5.10204144625911,4.39077142857143,6.32142857142857,62.2076453392857
"No wastewater",8.7897,0.288267857142857,5.11781328256007,4.40489186607143,6.21428571428571,62.4311820625
