"model","mad","bias","dss","crps","ae_median","se_mean"
"Wastewater",6.009825,0.30325,4.77402057657621,3.79549567857143,5.55357142857143,43.4706573392857
"No wastewater",5.98335,0.327535714285714,4.81453512046736,3.87834396428571,5.82142857142857,45.5992289285714
