"model","mad","bias","dss","crps","ae_median","se_mean"
"Wastewater",6.1422,0.429267857142857,4.77855987156594,3.77875591964286,5.60714285714286,43.5794827767857
"No wastewater",6.1422,0.468625,4.88194885482565,3.99556233928571,5.89285714285714,48.1270413214286
