"model","mad","bias","dss","crps","ae_median","se_mean"
"Wastewater",8.8956,0.251071428571429,4.94836155018957,3.7715385,5.25,45.3400360535714
"No wastewater",9.2133,0.275535714285714,5.03640631116532,3.92237552678571,5.5,48.9553211339286
