"model","mad","bias","dss","crps","ae_median","se_mean"
"Wastewater",7.2012,0.389857142857143,5.13011381434045,4.39640504464286,6.10714285714286,62.5835972232143
"No wastewater",7.36005,0.358196428571429,5.05929360979267,4.23795413392857,5.96428571428571,58.6240863303571
