"model","mad","bias","dss","crps","ae_median","se_mean"
"Wastewater",6.93645,0.332446428571429,4.83084636626982,3.74384376785714,5.14285714285714,46.7180493214286
"No wastewater",6.93645,0.351892857142857,4.85030047026244,3.81255633035714,5.25,48.8527859375
