"model","mad","bias","dss","crps","ae_median","se_mean"
"Wastewater",7.6248,0.0634464285714286,5.11736734983922,4.51015665178571,6.42857142857143,64.3837261875
"No wastewater",7.6248,-0.0812321428571428,5.08392565250695,4.46482324107143,6.35714285714286,61.1035004017857
