"model","mad","bias","dss","crps","ae_median","se_mean"
"Wastewater",7.78365,0.136214285714286,5.03416346653332,4.32055183928571,6.35714285714286,57.3650526071429
"No wastewater",7.9425,-0.00610714285714285,4.99135766972083,4.22270289285714,6.07142857142857,53.2429665357143
