"model","mad","bias","dss","crps","ae_median","se_mean"
"Wastewater",7.14825,0.592642857142857,5.53341976376074,5.17097969642857,7.39285714285714,82.729378375
"No wastewater",7.2012,0.539071428571429,5.30215785297762,4.68041654464286,6.60714285714286,70.5758758660714
