"model","mad","bias","dss","crps","ae_median","se_mean"
"Wastewater",6.1422,0.286017857142857,4.67493557620672,3.54227086607143,5.28571428571429,37.9881191696429
"No wastewater",6.327525,0.275232142857143,4.62828967470109,3.46693854464286,5.16071428571429,36.5927516875
