"model","mad","bias","dss","crps","ae_median","se_mean"
"Wastewater",5.7186,0.3665,4.93591561617771,4.0131330625,5.92857142857143,48.6029261875
"No wastewater",5.639175,0.370553571428571,4.91453671784557,3.99330392857143,5.94642857142857,47.8049399285714
