"model","mad","bias","dss","crps","ae_median","se_mean"
"Wastewater",5.6127,0.168214285714286,4.59649135052273,3.3429333125,4.92857142857143,34.7615555803571
"No wastewater",5.692125,0.19125,4.60063689532308,3.37539030357143,4.91071428571429,35.3066979107143
