"model","mad","bias","dss","crps","ae_median","se_mean"
"Wastewater",7.88955,-0.167589285714286,4.98400216547926,4.15842428571429,6.07142857142857,50.7677490357143
"No wastewater",7.968975,-0.157607142857143,4.96012772717364,4.10855590178571,5.83928571428571,49.9846603482143
