"model","mad","bias","dss","crps","ae_median","se_mean"
"Wastewater",7.36005,0.245464285714286,5.31674346311493,4.84070611607143,6.92857142857143,73.6378323303571
"No wastewater",7.57185,0.199714285714286,5.21936703543133,4.69584145535714,6.71428571428571,69.2583026696428
