"model","mad","bias","dss","crps","ae_median","se_mean"
"Wastewater",8.8956,0.201767857142857,4.87484886288188,3.57835663392857,4.82142857142857,39.5259330089286
"No wastewater",9.16035,0.277017857142857,5.03536391941041,3.92011788392857,5.32142857142857,49.2048866696429
