"model","mad","bias","dss","crps","ae_median","se_mean"
"Wastewater",7.46595,0.229071428571429,5.25813462867513,4.74706141964286,6.96428571428571,72.6751935625
"No wastewater",7.413,0.165017857142857,5.17758640470544,4.56782090178571,6.64285714285714,66.6258495089286
