"model","mad","bias","dss","crps","ae_median","se_mean"
"no_cor",9.26625,-0.150839285714286,5.12988718522283,4.15962499107143,5.64285714285714,49.0801098660714
"no_spatial",9.0015,-0.153035714285714,5.13146354643068,4.150324875,5.71428571428571,49.3295655
"exp",9.05445,-0.170446428571429,5.08991736697035,4.131302375,5.53571428571429,48.2391103571429
"lkj",9.1074,-0.169857142857143,5.13177674987307,4.1650476875,5.71428571428571,49.8096936160714
