"model","mad","bias","dss","crps","ae_median","se_mean"
"no_cor",8.6838,0.0821428571428571,5.07391078843886,4.36109505357143,6.5,57.0252812678571
"no_spatial",8.5779,0.109642857142857,5.08894131387602,4.3880245625,6.48214285714286,58.2319056339286
"exp",8.472,0.0795,5.06238025462035,4.34774492857143,6.32142857142857,56.6159200714286
"lkj",8.604375,0.0820892857142857,5.07750896657117,4.3389456875,6.33928571428571,56.7005454910714
