"model","mad","bias","dss","crps","ae_median","se_mean"
"no_cor",7.704225,0.464589285714286,5.47978260690627,5.29422271428571,7.66071428571429,88.912372
"no_spatial",7.78365,0.462410714285714,5.45426936102351,5.2444779375,7.64285714285714,87.8290524017857
"exp",7.88955,0.464732142857143,5.46211137246575,5.25182471428571,7.60714285714286,87.6380129642857
"lkj",7.78365,0.4575,5.45820013145756,5.20840391071429,7.53571428571429,86.4557698392857
