"model","mad","bias","dss","crps","ae_median","se_mean"
"no_cor",7.333575,0.563714285714286,5.30195499149615,4.85126550892857,7.01785714285714,72.0016199017857
"no_spatial",7.46595,0.545857142857143,5.24269596409444,4.75699429464286,7,69.8634291517857
"exp",7.46595,0.559410714285714,5.28435939764472,4.83098683928571,6.96428571428571,71.3988241071429
"lkj",7.36005,0.563214285714286,5.30950872943771,4.84497494642857,7,72.1686539285714
