"model","mad","bias","dss","crps","ae_median","se_mean"
"no_cor",9.531,-0.0150714285714286,4.91053367031986,3.5522684375,4.92857142857143,33.4587707767857
"no_spatial",9.398625,-0.00185714285714287,4.90839773601256,3.55464165178571,5.05357142857143,33.3259684196429
"exp",9.26625,-0.031375,4.91221544418357,3.56444971428571,4.89285714285714,33.639580625
"lkj",9.47805,-0.0184464285714286,4.92394652704041,3.55904846428571,5.01785714285714,33.2371847142857
