"model","mad","bias","dss","crps","ae_median","se_mean"
"no_cor",6.962925,0.547321428571429,5.23104445306027,4.74396696428571,6.91071428571429,68.1145024107143
"no_spatial",6.93645,0.563892857142857,5.26860114951748,4.84115689285714,7.03571428571429,70.6341765
"exp",6.8835,0.554160714285714,5.26419419122235,4.79206034821429,7,69.1081315625
"lkj",6.93645,0.552196428571429,5.23335986492825,4.75519480357143,6.92857142857143,68.2198721607143
