"model","mad","bias","dss","crps","ae_median","se_mean"
"no_cor",5.66565,0.2315,4.55630216696757,3.24113233928571,4.46428571428571,32.9998531071429
"no_spatial",5.586225,0.231571428571429,4.55783537721588,3.24656375892857,4.33928571428571,33.0916878303571
"exp",5.6127,0.230446428571429,4.54826226060896,3.24053546428571,4.5,32.8976261428571
"lkj",5.586225,0.224714285714286,4.52483121298183,3.19756774107143,4.42857142857143,31.9285678660714
