"model","mad","bias","dss","crps","ae_median","se_mean"
"no_cor",7.9425,0.319607142857143,5.37910546187392,5.08609241071429,7.39285714285714,84.4246597678571
"no_spatial",7.968975,0.325660714285714,5.4013330782917,5.16536655357143,7.46428571428571,87.7470510892857
"exp",7.67775,0.321696428571429,5.41618911628038,5.1522389375,7.42857142857143,86.4664241875
"lkj",7.88955,0.312321428571429,5.38821297483298,5.12322405357143,7.46428571428571,86.4194133214286
