"model","mad","bias","dss","crps","ae_median","se_mean"
"no_cor",7.068825,0.586982142857143,5.86812969371788,5.83780976785714,7.78571428571429,100.028393892857
"no_spatial",7.068825,0.596946428571429,5.8936536126663,5.92412825892857,7.80357142857143,103.145558116071
"exp",6.962925,0.5935,5.8847382676611,5.92278585714286,7.85714285714286,103.368940321429
"lkj",7.25415,0.575910714285714,5.76591065257793,5.7535249375,7.66071428571429,99.0402253839286
