"model","mad","bias","dss","crps","ae_median","se_mean"
"no_cor",5.66565,0.362357142857143,4.65073732733576,3.57850626785714,4.96428571428571,41.5315964285714
"no_spatial",5.7186,0.354785714285714,4.64426642507824,3.55231153571429,5.01785714285714,41.207296375
"exp",5.77155,0.364839285714286,4.6656902952937,3.60621420535714,5,42.6802942410714
"lkj",5.77155,0.361642857142857,4.64695743684245,3.55955408035714,5,41.4849412232143
