"model","mad","bias","dss","crps","ae_median","se_mean"
"Wastewater",10.85475,0.536660714285714,5.90543148322736,6.54465248214286,9.46428571428571,134.63961225
"No wastewater",10.9077,0.514928571428571,5.84738238936069,6.34265982142857,9.14285714285714,128.295955232143
