"model","mad","bias","dss","crps","ae_median","se_mean"
"Wastewater",6.2481,0.567875,5.24576201525846,4.6281926875,6.64285714285714,62.4995591160714
"No wastewater",6.30105,0.551017857142857,5.19768801692337,4.52743235714286,6.42857142857143,60.0934961071429
