"model","mad","bias","dss","crps","ae_median","se_mean"
"Wastewater",6.2481,0.460482142857143,4.8623576008822,3.94863684821429,5.82142857142857,47.2167947946429
"No wastewater",6.168675,0.46975,4.90386928920428,4.02185817857143,5.91071428571429,48.9064857142857
