"model","mad","bias","dss","crps","ae_median","se_mean"
"Wastewater",5.692125,0.444,5.19483716013692,4.46202291071429,6.30357142857143,57.4825188928571
"No wastewater",5.692125,0.399214285714286,5.04172234176128,4.22571104464286,6.125,52.7627699732143
