"model","mad","bias","dss","crps","ae_median","se_mean"
"Wastewater",9.0015,0.396214285714286,5.26245071293779,4.64713333928571,6.46428571428571,71.327974
"No wastewater",9.080925,0.38075,5.21147167376273,4.52225605357143,6.19642857142857,67.5567157321428
