"model","mad","bias","dss","crps","ae_median","se_mean"
"Wastewater",5.7186,0.256303571428571,4.71024499197229,3.610389375,5.32142857142857,39.1096587321429
"No wastewater",5.77155,0.200410714285714,4.64792549745303,3.45998963392857,5.07142857142857,36.6911071875
