"model","mad","bias","dss","crps","ae_median","se_mean"
"Wastewater",8.7897,0.271428571428571,5.02577445243359,4.06038265178571,5.71428571428571,52.5358669196429
"No wastewater",9.027975,0.259214285714286,5.03214141622053,4.06164409821429,5.67857142857143,52.5169596339286
