"model","mad","bias","dss","crps","ae_median","se_mean"
"Wastewater",10.3782,0.459107142857143,5.62365400253105,5.60979269642857,7.92857142857143,97.39983225
"No wastewater",10.3782,0.437392857142857,5.57521695900958,5.4202201875,7.57142857142857,92.7015386875
