"model","mad","bias","dss","crps","ae_median","se_mean"
"Wastewater",7.36005,0.145875,5.16603725639627,4.55066655357143,6.39285714285714,64.4923054821428
"No wastewater",7.46595,0.147160714285714,5.16461609550384,4.55926211607143,6.5,65.1034270803572
