"model","mad","bias","dss","crps","ae_median","se_mean"
"Wastewater",9.557475,0.00232142857142856,4.94254651469136,3.64746113392857,5.19642857142857,35.1294760267857
"No wastewater",9.47805,-0.0408035714285714,4.92828632274044,3.63472341071429,5,34.7600746785714
