"model","mad","bias","dss","crps","ae_median","se_mean"
"Wastewater",7.67775,-0.0821964285714286,4.91741189962416,4.01667219642857,5.60714285714286,47.6760995714286
"No wastewater",7.88955,-0.0758214285714286,4.90437539219001,3.9782091875,5.67857142857143,47.0118635982143
