"model","mad","bias","dss","crps","ae_median","se_mean"
"Wastewater",7.386525,0.232464285714286,5.14222616182727,4.49860382142857,6.39285714285714,64.9877358214286
"No wastewater",7.439475,0.194071428571429,5.07143748864111,4.3472394375,6.08928571428571,60.7757361160714
