"model","mad","bias","dss","crps","ae_median","se_mean"
"Wastewater",7.6248,-0.160964285714286,4.95408050465114,4.10608591964286,5.82142857142857,49.8440068839286
"No wastewater",7.916025,-0.160910714285714,4.9650650056784,4.12481991071429,5.91071428571429,49.9991124464286
