"model","mad","bias","dss","crps","ae_median","se_mean"
"Wastewater",7.25415,0.367267857142857,5.11714027141022,4.41754258035714,6.25,62.6714967589286
"No wastewater",7.280625,0.333839285714286,5.04313897009735,4.26812023214286,6.03571428571429,59.0904164464286
