"model","mad","bias","dss","crps","ae_median","se_mean"
"Wastewater",5.374425,0.463571428571429,4.95567702458818,3.94322158928571,5.66071428571429,46.6266897142857
"No wastewater",5.321475,0.452232142857143,4.9310990063087,3.87250420535714,5.46428571428571,45.0855655267857
