"model","mad","bias","dss","crps","ae_median","se_mean"
"Wastewater",4.739025,0.281696428571429,4.40239248064906,3.10007401785714,4.32142857142857,29.9958816964286
"No wastewater",4.8714,0.279535714285714,4.39968799749482,3.09395001785714,4.28571428571429,30.0046090535714
