"model","mad","bias","dss","crps","ae_median","se_mean"
"Wastewater",7.04235,0.383964285714286,4.88693165272074,3.88179483928571,5.42857142857143,50.9286315714286
"No wastewater",6.9894,0.34925,4.81713465719474,3.75309450892857,5.21428571428571,47.7516492767857
