"model","mad","bias","dss","crps","ae_median","se_mean"
"Wastewater",5.850975,0.200410714285714,4.62759753377639,3.46272672321429,4.98214285714286,36.7835157053571
"No wastewater",5.77155,0.255678571428571,4.71213551477412,3.59595545535714,5.28571428571429,39.0904426339286
