"model","mad","bias","dss","crps","ae_median","se_mean"
"Wastewater",7.413,0.266303571428571,5.37083811637288,4.99447316071429,7.25,78.5453704107143
"No wastewater",7.57185,0.252232142857143,5.36494754946379,4.95382775,7.17857142857143,77.2130521607143
