"model","mad","bias","dss","crps","ae_median","se_mean"
"Wastewater",6.857025,0.375392857142857,4.88676393070789,3.861612625,5.39285714285714,50.0002553035714
"No wastewater",7.04235,0.359714285714286,4.88139703217216,3.844965875,5.25,49.339496375
