"model","mad","bias","dss","crps","ae_median","se_mean"
"Wastewater",7.916025,-0.0704464285714286,4.97782601968513,4.18964411607143,6.01785714285714,52.2359136160714
"No wastewater",7.9425,-0.0121785714285714,4.9903162298858,4.22515325892857,6.07142857142857,53.1409124017857
