"model","mad","bias","dss","crps","ae_median","se_mean"
"Wastewater",8.0484,0.179017857142857,5.0595079812266,4.35464928571429,6.46428571428571,57.9012986785714
"No wastewater",8.1543,0.2215,5.12526400796293,4.46156622321429,6.39285714285714,61.8578192946429
