"model","mad","bias","dss","crps","ae_median","se_mean"
"Wastewater",5.13615,0.328285714285714,4.49920877451492,3.2468036875,4.46428571428571,33.3053637589286
"No wastewater",5.0832,0.310464285714286,4.43935017447594,3.18788978571429,4.35714285714286,32.018360625
