"model","mad","bias","dss","crps","ae_median","se_mean"
"Wastewater",9.26625,0.145232142857143,4.94756770762427,3.72366852678571,5.42857142857143,39.8761029017857
"No wastewater",9.027975,0.104642857142857,4.92085838757374,3.64557020535714,5.23214285714286,37.8557775625
