"model","mad","bias","dss","crps","ae_median","se_mean"
"Wastewater",6.354,0.518464285714286,5.44653998788773,5.0240213125,7.03571428571429,73.1663358125
"No wastewater",6.433425,0.479857142857143,5.28152939967372,4.77198572321429,6.67857142857143,67.3730285089286
