"model","mad","bias","dss","crps","ae_median","se_mean"
"Wastewater",5.66565,0.478285714285714,5.11688607305549,4.291845875,6.25,53.1721081428571
"No wastewater",5.7186,0.516803571428571,5.25526162630069,4.53461747321429,6.39285714285714,58.0377576160714
