"model","mad","bias","dss","crps","ae_median","se_mean"
"Wastewater",5.956875,0.432339285714286,5.00992157857918,4.16197900892857,6.125,52.6332279910714
"No wastewater",6.08925,0.446678571428571,5.07957985748685,4.29229700892857,6.14285714285714,55.4979993660714
