"model","mad","bias","dss","crps","ae_median","se_mean"
"Wastewater",6.539325,0.484160714285714,5.3228362341209,4.72212119642857,6.51785714285714,69.9443161607143
"No wastewater",6.72465,0.482982142857143,5.35582057638443,4.73071447321429,6.5,70.1058056160714
