"model","mad","bias","dss","crps","ae_median","se_mean"
"Wastewater",7.439475,0.134107142857143,5.14165034108459,4.50052933928571,6.48214285714286,64.55674025
"No wastewater",7.46595,0.103875,5.08085905743911,4.41229567857143,6.21428571428571,62.1381615
