"model","mad","bias","dss","crps","ae_median","se_mean"
"Wastewater",5.66565,0.485428571428571,5.14277561658019,4.35694929464286,6.25,55.1643521517857
"No wastewater",5.798025,0.527392857142857,5.32774819684367,4.68292759821429,6.60714285714286,61.9927859375
