"model","mad","bias","dss","crps","ae_median","se_mean"
"Wastewater",6.51285,0.197821428571429,4.69218035108446,3.56543497321429,5.07142857142857,40.2807570089286
"No wastewater",6.6717,0.536642857142857,5.61781485373066,5.24494066071429,7.10714285714286,82.3736160357143
