"model","mad","bias","dss","crps","ae_median","se_mean"
"Wastewater",9.610425,0.283446428571429,5.12135668384516,4.20877216071429,6.14285714285714,54.5855426785714
"No wastewater",9.26625,0.106767857142857,4.92944794019334,3.65966857142857,5.35714285714286,37.5107235892857
