"model","mad","bias","dss","crps","ae_median","se_mean"
"Wastewater",4.844925,0.375857142857143,4.64805310524574,3.44942232142857,4.80357142857143,36.5807183928571
"No wastewater",4.92435,0.261928571428571,4.3833513001641,3.06780390178571,4.28571428571429,29.5839596875
