"model","mad","bias","dss","crps","ae_median","se_mean"
"Wastewater",5.798025,0.0178392857142857,4.2405457635477,2.77137180357143,3.96428571428571,23.81775525
"No wastewater",6.30105,0.471321428571429,4.90432326526519,4.04072711607143,5.96428571428571,49.1869029732143
