"model","mad","bias","dss","crps","ae_median","se_mean"
"Wastewater",7.57185,0.107392857142857,5.03805860890975,4.34013508928571,6.17857142857143,60.2749410892857
"No wastewater",7.67775,0.174214285714286,5.13552876283872,4.53370672321429,6.57142857142857,66.3063505625
