"model","mad","bias","dss","crps","ae_median","se_mean"
"Wastewater",8.922075,-0.151607142857143,5.04354631430224,4.043613875,5.53571428571429,46.2375250357143
"No wastewater",8.8956,-0.129928571428571,5.04794986985626,4.03813434821429,5.57142857142857,47.7539661875
