"model","mad","bias","dss","crps","ae_median","se_mean"
"Wastewater",7.88955,-0.0142678571428572,5.01247083674261,4.29152486607143,6.10714285714286,54.0997984375
"No wastewater",7.99545,0.102375,5.0740219211214,4.41526816964286,6.46428571428571,58.0933822232143
