"model","mad","bias","dss","crps","ae_median","se_mean"
"Wastewater",6.354,0.27675,4.70974904874837,3.63963115178571,5.42857142857143,40.6962520982143
"No wastewater",6.274575,0.30375,4.7712421980659,3.76838847321429,5.75,43.4146828660714
