"model","mad","bias","dss","crps","ae_median","se_mean"
"Wastewater",9.26625,0.186571428571429,4.98012193957852,3.81887429464286,5.28571428571429,46.8821656875
"No wastewater",9.531,0.256660714285714,5.0856456366822,4.13951284821429,5.78571428571429,56.8212774375
