"model","mad","bias","dss","crps","ae_median","se_mean"
"Wastewater",7.3071,0.408339285714286,5.11182495323264,4.355207,6.10714285714286,59.21382125
"No wastewater",7.3071,0.379357142857143,5.02643601180852,4.19908060714286,5.92857142857143,55.8288909285714
