"model","mad","bias","dss","crps","ae_median","se_mean"
"Wastewater",8.6838,0.294714285714286,5.00706626415311,4.08877834821429,5.75,54.4332499017857
"No wastewater",8.73675,0.322357142857143,5.10023076202669,4.29111611607143,5.96428571428571,61.3432630089286
