"model","mad","bias","dss","crps","ae_median","se_mean"
"Wastewater",10.21935,0.417160714285714,5.52235127659888,5.27815372321429,7.57142857142857,86.5019900089286
"No wastewater",10.2723,0.458053571428571,5.60621913136492,5.52116658928571,7.89285714285714,96.0608450178571
