"model","mad","bias","dss","crps","ae_median","se_mean"
"Wastewater",5.55975,0.607464285714286,5.34932076226757,4.64897661607143,6.75,60.5261166517857
"No wastewater",5.66565,0.627232142857143,5.43746009613519,4.80952233035714,7,64.2860052946429
