"model","mad","bias","dss","crps","ae_median","se_mean"
"Wastewater",6.327525,0.234339285714286,4.64864257102274,3.54307583928571,5.375,38.4626228571429
"No wastewater",6.2481,0.244571428571429,4.67055970807702,3.59231098214286,5.39285714285714,39.4422340535714
