"model","mad","bias","dss","crps","ae_median","se_mean"
"Wastewater",7.14825,0.366160714285714,4.87258534058724,3.85856080357143,5.42857142857143,50.5723026071428
"No wastewater",6.9894,0.359928571428571,4.85034441014291,3.81076544642857,5.35714285714286,49.1166723571429
