"model","mad","bias","dss","crps","ae_median","se_mean"
"Wastewater",9.0015,0.157553571428571,4.89681393604042,3.60473674107143,4.89285714285714,38.9403541339286
"No wastewater",9.133875,0.227464285714286,4.98981503396936,3.82015034821429,5.26785714285714,45.2650942232143
