"model","mad","bias","dss","crps","ae_median","se_mean"
"Wastewater",5.87745,0.219071428571429,4.65703920323082,3.49522699107143,5.10714285714286,37.0715322946429
"No wastewater",5.8245,0.248482142857143,4.68812760839255,3.57322505357143,5.21428571428571,39.0483313214286
