"model","mad","bias","dss","crps","ae_median","se_mean"
"Wastewater",5.77155,0.216767857142857,4.5669900479493,3.36007266964286,4.92857142857143,34.6474269196429
"No wastewater",6.009825,0.287767857142857,4.65915314471232,3.54336839285714,5.33928571428571,38.5905277857143
