"model","mad","bias","dss","crps","ae_median","se_mean"
"Wastewater",7.0953,0.513785714285714,5.06464122183048,4.33162116964286,6.28571428571429,58.8530111339286
"No wastewater",7.227675,0.515446428571429,5.04862466038157,4.28522204464286,6.16071428571429,57.3988164375
