"model","mad","bias","dss","crps","ae_median","se_mean"
"Wastewater",9.610425,0.316714285714286,5.15844479897964,4.35342750892857,6.375,59.9535715803571
"No wastewater",9.239775,0.103,4.92357559536786,3.632032375,5.26785714285714,37.5547108571429
