"model","mad","bias","dss","crps","ae_median","se_mean"
"Wastewater",4.8714,0.298589285714286,4.51056532509034,3.23343841964286,4.5,32.0539991160714
"No wastewater",4.7655,0.238446428571429,4.3794126274116,3.05513140178571,4.28571428571429,29.0067702767857
