"model","mad","bias","dss","crps","ae_median","se_mean"
"Wastewater",7.5189,0.264482142857143,5.36984200609489,5.02277404464286,7.25,78.7935445982143
"No wastewater",7.5189,0.253482142857143,5.33656372561604,4.95141141964286,7.14285714285714,77.1830126160714
