"model","mad","bias","dss","crps","ae_median","se_mean"
"Wastewater",5.7186,0.520803571428571,5.29268204863959,4.60889167857143,6.60714285714286,59.9639723035714
"No wastewater",5.77155,0.518839285714286,5.22627750915537,4.52382096428571,6.35714285714286,58.19167125
