"model","mad","bias","dss","crps","ae_median","se_mean"
"Wastewater",6.354,0.311142857142857,4.86519812757429,3.91390965178571,5.46428571428571,48.5958404196429
"No wastewater",6.51285,0.377357142857143,5.05309144290124,4.24784547321429,5.92857142857143,56.8757662410714
