"model","mad","bias","dss","crps","ae_median","se_mean"
"Wastewater",6.1422,0.284696428571429,4.65691528373839,3.52213672321429,5.10714285714286,37.4948798482143
"No wastewater",6.19515,0.358196428571429,4.8054652728218,3.80229139285714,5.53571428571429,43.9386046428572
