"model","mad","bias","dss","crps","ae_median","se_mean"
"Wastewater",6.93645,0.390482142857143,4.94426194382055,3.95167357142857,5.42857142857143,51.6194729642857
"No wastewater",6.72465,0.431125,5.03812885187818,4.15866508928571,5.82142857142857,56.7271285357143
