"model","mad","bias","dss","crps","ae_median","se_mean"
"Wastewater",7.968975,0.263285714285714,5.19656981658803,4.70819023214286,6.85714285714286,68.4334146428571
"No wastewater",8.021925,0.217517857142857,5.1175955100048,4.50707570535714,6.53571428571429,62.4815712767857
