"model","mad","bias","dss","crps","ae_median","se_mean"
"no_cor",7.99545,0.313535714285714,5.36588745389646,5.07251664285714,7.375,84.7610483571429
"exp",7.88955,0.321714285714286,5.37531081980107,5.08600559821429,7.39285714285714,85.1293561875
"lkj",7.88955,0.312642857142857,5.37513604306986,5.12744264285714,7.42857142857143,85.9689888928572
