"model","mad","bias","dss","crps","ae_median","se_mean"
"no_cor",9.2133,-0.142196428571429,5.12776688924971,4.15668236607143,5.78571428571429,49.1204197767857
"exp",9.0015,-0.162875,5.1279151668163,4.11092573214286,5.5,48.2319019642857
"lkj",9.05445,-0.159607142857143,5.11045525132313,4.14173575892857,5.46428571428571,48.9627397946429
