"model","mad","bias","dss","crps","ae_median","se_mean"
"no_cor",7.413,0.555482142857143,5.26161788829882,4.77455602678571,6.96428571428571,69.7354051517857
"exp",7.36005,0.555214285714286,5.30094158250092,4.83463730357143,6.96428571428571,71.757879625
"lkj",7.36005,0.561732142857143,5.27086390158581,4.81562202678571,7.07142857142857,70.6699472410714
