"model","mad","bias","dss","crps","ae_median","se_mean"
"no_cor",6.9894,0.548446428571429,5.24267173459125,4.76930145535714,7.03571428571429,68.5036291339286
"exp",6.83055,0.5655,5.27556778548505,4.82825271428571,7.07142857142857,70.24712475
"lkj",6.8835,0.569160714285714,5.25639141805471,4.82294782142857,6.96428571428571,70.2687119285714
