"model","mad","bias","dss","crps","ae_median","se_mean"
"no_cor",8.551425,0.0903928571428571,5.08360279490123,4.37648779464286,6.33928571428571,57.7610461875
"exp",8.604375,0.085875,5.07788196706941,4.37682638392857,6.30357142857143,57.1590512589286
"lkj",8.472,0.0943214285714286,5.08058045581186,4.38520390178571,6.39285714285714,58.3367479553572
