"model","mad","bias","dss","crps","ae_median","se_mean"
"no_cor",5.8245,0.356875,4.63202996454975,3.54988153571429,4.96428571428571,41.1240489285714
"exp",5.7186,0.361035714285714,4.65002918478628,3.56791974107143,5.03571428571429,41.5158173660714
"lkj",5.77155,0.349535714285714,4.62871787577653,3.52846073214286,4.89285714285714,40.7390167142857
