"model","mad","bias","dss","crps","ae_median","se_mean"
"no_cor",9.557475,-0.00166071428571428,4.93195548179771,3.56409142857143,4.875,33.8701606785714
"exp",9.398625,-0.0137857142857143,4.91690065911002,3.52249591964286,4.875,32.9161708125
"lkj",9.610425,-0.01275,4.9217077473346,3.56136514285714,4.98214285714286,33.1097873392857
