"model","mad","bias","dss","crps","ae_median","se_mean"
"no_cor",7.78365,0.462410714285714,5.45426936102351,5.2444779375,7.64285714285714,87.8290524017857
"exp",7.810125,0.470964285714286,5.50512995536658,5.32462816071429,7.55357142857143,90.141419
"lkj",7.757175,0.462410714285714,5.4773846615472,5.25524644642857,7.66071428571429,87.755698625
