"model","mad","bias","dss","crps","ae_median","se_mean"
"no_cor",7.04235,0.593035714285714,5.87332550947331,5.88163658035714,7.82142857142857,101.608263383929
"exp",7.068825,0.598642857142857,5.89782986227308,5.9483403125,7.92857142857143,103.4655056875
"lkj",7.0953,0.580267857142857,5.78095493759418,5.72747922321429,7.67857142857143,97.5940839732143
