"model","mad","bias","dss","crps","ae_median","se_mean"
"no_cor",5.7186,0.236142857142857,4.54756918179975,3.24382741964286,4.42857142857143,33.1006331160714
"exp",5.8245,0.229928571428571,4.54453964025594,3.23346507142857,4.46428571428571,32.9944525535714
"lkj",5.7186,0.223928571428571,4.52492210318374,3.21095350892857,4.39285714285714,32.5655220446429
