"model","mad","bias","dss","crps","ae_median","se_mean"
"no_cor",7.545375,0.455142857142857,5.43628577020232,5.15652957142857,7.44642857142857,84.5061602678571
"exp",7.78365,0.446589285714286,5.40077762649431,5.08328884821429,7.32142857142857,82.8651875982143
"lkj",7.598325,0.448964285714286,5.41720027775705,5.10659352678571,7.25,82.9231608660714
