"model","mad","bias","dss","crps","ae_median","se_mean"
"no_cor",5.5068,0.273678571428571,4.61860233061477,3.38152613392857,4.53571428571429,35.7807890982143
"exp",5.55975,0.312214285714286,4.67330215130924,3.47534770535714,4.67857142857143,37.8451398482143
"lkj",5.6127,0.304,4.6613265371214,3.45934758928571,4.60714285714286,37.77319775
