"model","mad","bias","dss","crps","ae_median","se_mean"
"Wastewater",6.1422,0.451339285714286,4.91178598421557,4.009566,5.92857142857143,48.3891922857143
"No wastewater",6.19515,0.517678571428571,5.12895048713953,4.41879601785714,6.32142857142857,57.8869521607143
