"model","mad","bias","dss","crps","ae_median","se_mean"
"Wastewater",4.92435,0.31425,4.52074471458462,3.26221360714286,4.42857142857143,32.7867028928571
"No wastewater",4.686075,0.220678571428571,4.32953244733736,2.98788971428571,4.19642857142857,27.7073387857143
