"model","mad","bias","dss","crps","ae_median","se_mean"
"Wastewater",6.115725,0.319625,4.85226621020302,3.90043711607143,5.64285714285714,46.9768136517857
"No wastewater",6.327525,0.37175,4.95795365065001,4.09815099107143,5.875,51.8030293482143
