"model","mad","bias","dss","crps","ae_median","se_mean"
"Wastewater",5.8245,0.621214285714286,5.40133811579281,4.75335554464286,6.78571428571429,63.1489162053571
"No wastewater",5.8245,0.667357142857143,5.65213958998658,5.18402071428571,7.32142857142857,72.5941840892857
