"model","mad","bias","dss","crps","ae_median","se_mean"
"Wastewater",9.663375,-0.0246785714285714,4.93989319423429,3.62718664285714,4.91071428571429,34.9244754285714
"No wastewater",9.716325,-0.0198928571428571,4.96645291335531,3.67904128571429,5.03571428571429,35.6756885535714
