"model","mad","bias","dss","crps","ae_median","se_mean"
"Wastewater",5.480325,0.329857142857143,4.80726451268822,3.79740736607143,5.58928571428571,44.1769509017857
"No wastewater",5.66565,0.365678571428571,4.8919316667523,3.95670882142857,5.82142857142857,47.4898135
