"model","mad","bias","dss","crps","ae_median","se_mean"
"Wastewater",6.08925,0.358571428571429,4.85291554780987,3.90507488392857,5.78571428571429,46.5395332767857
"No wastewater",6.0363,0.408767857142857,4.97605331430779,4.13522499107143,6.07142857142857,51.5659788482143
