"model","mad","bias","dss","crps","ae_median","se_mean"
"Wastewater",7.492425,0.399196428571429,5.28737371511682,4.76273053571429,6.83928571428571,73.0603464107143
"No wastewater",7.413,0.375035714285714,5.23652927750547,4.65913930357143,6.57142857142857,70.4390865714286
