"model","mad","bias","dss","crps","ae_median","se_mean"
"Wastewater",9.16035,0.0568928571428571,5.0076240345184,3.90287465178571,5.42857142857143,46.1298297767857
"No wastewater",9.05445,0.0329821428571429,4.96754319886321,3.8362331875,5.39285714285714,44.7181685267857
