"model","mad","bias","dss","crps","ae_median","se_mean"
"Wastewater",7.36005,0.169482142857143,5.16005945716004,4.55285344642857,6.67857142857143,66.1513951964286
"No wastewater",7.3071,0.117107142857143,5.11065182300834,4.45849946428571,6.32142857142857,63.3666428035714
