"model","mad","bias","dss","crps","ae_median","se_mean"
"Wastewater",5.77155,0.277732142857143,4.60708019479154,3.43473635714286,5.07142857142857,37.0557509285714
"No wastewater",5.8245,0.328357142857143,4.71192864012235,3.62535977678571,5.32142857142857,40.7228122410714
