"model","mad","bias","dss","crps","ae_median","se_mean"
"Wastewater",7.78365,-0.154339285714286,4.93613140914389,4.04838072321429,5.71428571428571,48.3279157053571
"No wastewater",7.810125,-0.133821428571429,4.93285333773967,4.02569999107143,5.55357142857143,47.8199916160714
