"model","mad","bias","dss","crps","ae_median","se_mean"
"Wastewater",9.1074,0.0277321428571429,4.91221472569589,3.64013339285714,5.10714285714286,36.5501132678571
"No wastewater",8.84265,-0.000875000000000011,4.87833681187748,3.5507415625,4.96428571428571,34.9929211517857
