"model","mad","bias","dss","crps","ae_median","se_mean"
"Wastewater",6.2481,0.385017857142857,4.99475639445134,4.17054484821429,5.92857142857143,53.3837306517857
"No wastewater",6.2481,0.377857142857143,4.95869594640165,4.10728169642857,5.91071428571429,51.9423453928571
