"model","mad","bias","dss","crps","ae_median","se_mean"
"Wastewater",7.439475,0.207625,5.07647688361853,4.3753745,6.33928571428571,61.4701159285714
"No wastewater",7.413,0.199464285714286,5.09301049994965,4.39131392857143,6.28571428571429,61.6169483392857
