"model","mad","bias","dss","crps","ae_median","se_mean"
"Wastewater",6.30105,0.509767857142857,5.08829004954079,4.34194620535714,6.21428571428571,56.0160293839286
"No wastewater",6.221625,0.518303571428571,5.11657516231961,4.38542805357143,6.23214285714286,56.926820625
