"model","mad","bias","dss","crps","ae_median","se_mean"
"Wastewater",7.0953,0.409196428571429,4.95857939125141,4.00745505357143,5.46428571428571,55.1920527142857
"No wastewater",7.068825,0.407035714285714,4.94215435131151,4.00406627678571,5.58928571428571,55.1338322410714
