"model","mad","bias","dss","crps","ae_median","se_mean"
"Wastewater",5.87745,0.272607142857143,4.66223841415633,3.54219850892857,5.32142857142857,38.2959098482143
"No wastewater",5.9304,0.286714285714286,4.66865103667885,3.5709250625,5.39285714285714,38.8832780803571
