"model","mad","bias","dss","crps","ae_median","se_mean"
"Wastewater",7.14825,0.421,4.94286880258853,3.94461992857143,5.42857142857143,53.4645086607143
"No wastewater",7.227675,0.439785714285714,4.98845446667322,4.03917646428571,5.73214285714286,55.4414845535714
