"model","mad","bias","dss","crps","ae_median","se_mean"
"Wastewater",7.14825,0.528732142857143,5.04436859726317,4.25844814285714,6.17857142857143,56.6757536785714
"No wastewater",7.25415,0.529714285714286,5.05170474953675,4.28966205357143,6.28571428571429,57.4363002321429
