"model","mad","bias","dss","crps","ae_median","se_mean"
"Wastewater",4.5537,-0.00135714285714287,4.27903674216609,2.9153245,4.10714285714286,25.3109385714286
"No wastewater",4.50075,-0.0116428571428571,4.2749788115748,2.9292735,4.03571428571429,25.5580591071429
