"model","mad","bias","dss","crps","ae_median","se_mean"
"Wastewater",4.739025,0.323571428571429,4.62521623524243,3.403698625,4.71428571428571,35.3734504285714
"No wastewater",4.50075,0.0160178571428571,4.27019396414828,2.90227965178571,4.10714285714286,25.3982132410714
