"model","mad","bias","dss","crps","ae_median","se_mean"
"Wastewater",7.413,0.483875,4.97446618013088,4.11921522321429,5.94642857142857,53.8140712053571
"No wastewater",7.25415,0.510892857142857,5.05729398246663,4.29724238392857,6.25,57.6239172767857
