"model","mad","bias","dss","crps","ae_median","se_mean"
"Wastewater",7.5189,0.414714285714286,5.32166016731239,4.86348235714286,7.14285714285714,75.9739298392857
"No wastewater",7.413,0.32175,5.07124791867221,4.32293350892857,5.96428571428571,60.8486937232143
